market_name,proposition_name,market_price
2023 Brownlow Medal Winner 25/09,DAICOS Nick (COL),2.8
2023 Brownlow Medal Winner 25/09,BONTEMPELLI Marcus (WB),3.0
2023 Brownlow Medal Winner 25/09,BUTTERS Zak (PA),5.5
2023 Brownlow Medal Winner 25/09,PETRACCA Christian (MEL),6.25
2023 Brownlow Medal Winner 25/09,NEALE Lachie (BRI),13.0
2023 Brownlow Medal Winner 25/09,TARANTO Tim (RIC),41.0
2023 Brownlow Medal Winner 25/09,DAWSON Jordan (ADE),51.0
2023 Brownlow Medal Winner 25/09,GULDEN Errol (SYD),51.0
2023 Brownlow Medal Winner 25/09,ROZEE Connor (PA),67.0
2023 Brownlow Medal Winner 25/09,GREENE Toby (GWS),101.0
2023 Brownlow Medal Winner 25/09,ANDERSON Noah (GC),151.0
2023 Brownlow Medal Winner 25/09,SINCLAIR Jack (STK),151.0
2023 Brownlow Medal Winner 25/09,CRIPPS Patrick (CAR),151.0
2023 Brownlow Medal Winner 25/09,MARSHALL Rowan (STK),201.0
2023 Brownlow Medal Winner 25/09,VINEY Jack (MEL),201.0
2023 Brownlow Medal Winner 25/09,CURNOW Charlie (CAR),251.0
2023 Brownlow Medal Winner 25/09,DUNKLEY Josh (BRI),251.0
2023 Brownlow Medal Winner 25/09,ROWELL Matt (GC),251.0
2023 Brownlow Medal Winner 25/09,NEWCOMBE Jai (HAW),251.0
2023 Brownlow Medal Winner 25/09,KELLY Josh (GWS),251.0
2023 Brownlow Medal Winner 25/09,LAIRD Rory (ADE),251.0
2023 Brownlow Medal Winner 25/09,BRAYSHAW Andrew (FRE),251.0
2023 Brownlow Medal Winner 25/09,WARNER Chad (SYD),351.0
2023 Brownlow Medal Winner 25/09,KELLY Tim (WCE),501.0
2023 Brownlow Medal Winner 25/09,MITCHELL Tom (COL),501.0
2023 Brownlow Medal Winner 25/09,MACRAE Jackson (WB),501.0
2023 Brownlow Medal Winner 25/09,DANGERFIELD Patrick (GEE),501.0
2023 Brownlow Medal Winner 25/09,BOLTON Shai (RIC),501.0
2023 Brownlow Medal Winner 25/09,CAMERON Jeremy (GEE),501.0
2023 Brownlow Medal Winner 25/09,PARISH Darcy (ESS),501.0
2023 Brownlow Medal Winner 25/09,WALSH Sam (CAR),501.0
2023 Brownlow Medal Winner 25/09,RAYNER Cameron (BRI),501.0
2023 Brownlow Medal Winner 25/09,LIBERATORE Tom (WB),501.0
2023 Brownlow Medal Winner 25/09,DAICOS Josh (COL),501.0
2023 Brownlow Medal Top 3 25/09,DAICOS Nick (COL),1.2
2023 Brownlow Medal Top 3 25/09,BONTEMPELLI Marcus (WB),1.3
2023 Brownlow Medal Top 3 25/09,PETRACCA Christian (MEL),1.75
2023 Brownlow Medal Top 3 25/09,BUTTERS Zak (PA),1.8
2023 Brownlow Medal Top 3 25/09,NEALE Lachie (BRI),2.75
2023 Brownlow Medal Top 3 25/09,SERONG Caleb (FRE),5.5
2023 Brownlow Medal Top 3 25/09,TARANTO Tim (RIC),7.5
2023 Brownlow Medal Top 3 25/09,ROZEE Connor (PA),9.0
2023 Brownlow Medal Top 3 25/09,GULDEN Errol (SYD),9.0
2023 Brownlow Medal Top 3 25/09,DAWSON Jordan (ADE),9.0
2023 Brownlow Medal Top 3 25/09,MERRETT Zach (ESS),11.0
2023 Brownlow Medal Top 3 25/09,GREENE Toby (GWS),15.0
2023 Brownlow Medal Top 3 25/09,SINCLAIR Jack (STK),21.0
2023 Brownlow Medal Top 3 25/09,ANDERSON Noah (GC),21.0
2023 Brownlow Medal Top 3 25/09,CRIPPS Patrick (CAR),26.0
2023 Brownlow Medal Top 3 25/09,BRAYSHAW Andrew (FRE),26.0
2023 Brownlow Medal Top 3 25/09,LAIRD Rory (ADE),34.0
2023 Brownlow Medal Top 3 25/09,VINEY Jack (MEL),41.0
2023 Brownlow Medal Top 3 25/09,GREEN Tom (GWS),41.0
2023 Brownlow Medal Top 3 25/09,CURNOW Charlie (CAR),41.0
2023 Brownlow Medal Top 3 25/09,DAICOS Josh (COL),81.0
2023 Brownlow Medal Top 3 25/09,KELLY Josh (GWS),101.0
2023 Brownlow Medal Top 3 25/09,CERRA Adam (CAR),101.0
2023 Brownlow Medal Top 3 25/09,STEELE Jack (STK),101.0
2023 Brownlow Medal Top 3 25/09,MCCLUGGAGE Hugh (BRI),101.0
2023 Brownlow Medal Top 3 25/09,DE GOEY Jordan (COL),101.0
2023 Brownlow Medal Top 3 25/09,CAMERON Jeremy (GEE),101.0
2023 Brownlow Medal Top 3 25/09,TRELOAR Adam (WB),101.0
2023 Brownlow Medal Top 3 25/09,SICILY James (HAW),101.0
2023 Brownlow Medal Top 3 25/09,NEWCOMBE Jai (HAW),101.0
2023 Brownlow Medal Top 3 25/09,CROUCH Brad (STK),101.0
2023 Brownlow Medal Top 3 25/09,MILLS Callum (SYD),101.0
2023 Brownlow Medal Top 3 25/09,ROWELL Matt (GC),101.0
2023 Brownlow Medal Top 3 25/09,PARKER Luke (SYD),101.0
2023 Brownlow Medal Top 3 25/09,DUNKLEY Josh (BRI),101.0
2023 Brownlow Medal Top 3 25/09,CONIGLIO Stephen (GWS),101.0
2023 Brownlow Medal Top 3 25/09,ENGLISH Tim (WB),101.0
2023 Brownlow Medal Top 3 25/09,KELLY Tim (WCE),101.0
2023 Brownlow Medal Top 3 25/09,LIBERATORE Tom (WB),101.0
2023 Brownlow Medal Top 3 25/09,WARNER Chad (SYD),101.0
2023 Brownlow Medal Top 3 25/09,OLIVER Clayton (MEL),101.0
2023 Brownlow Medal Top 3 25/09,PARISH Darcy (ESS),101.0
2023 Brownlow Medal Top 3 25/09,MARTIN Dustin (RIC),101.0
2023 Brownlow Medal Top 3 25/09,RAYNER Cameron (BRI),101.0
2023 Brownlow Medal Top 3 25/09,WHITFIELD Lachie (GWS),101.0
2023 Brownlow Medal Top 3 25/09,DAVIES-UNIACKE Luke (NM),101.0
2023 Brownlow Medal Top 3 25/09,GAWN Max (MEL),101.0
2023 Brownlow Medal Top 3 25/09,WINES Ollie (PA),101.0
2023 Brownlow Medal Top 3 25/09,DANGERFIELD Patrick (GEE),101.0
2023 Brownlow Medal Top 3 25/09,WALSH Sam (CAR),101.0
2023 Brownlow Medal Top 3 25/09,PENDLEBURY Scott (COL),101.0
2023 Brownlow Medal Top 3 25/09,BOLTON Shai (RIC),101.0
2023 Brownlow Medal Top 3 25/09,MITCHELL Tom (COL),101.0
2023 Brownlow Medal Top 3 25/09,MACRAE Jackson (WB),101.0
2023 Brownlow Medal Top 3 25/09,MARSHALL Rowan (STK),101.0
2023 Brownlow Medal Top 3 25/09,STEWART Tom (GEE),101.0
2023 Brownlow Medal Top 3 25/09,SHEEZEL Harry (NM),101.0
2023 Brownlow Medal Top 3 25/09,WOOD Mason (STK),101.0
2023 Brownlow Medal Top 3 25/09,HORNE-FRANCIS Jason (PA),151.0
2023 Brownlow Medal Top 3 25/09,JACKSON Luke (FRE),151.0
2023 Brownlow Medal Top 3 25/09,MARTIN Nic (ESS),151.0
2023 Brownlow Medal Top 3 25/09,DOCHERTY Sam (CAR),151.0
2023 Brownlow Medal Top 3 25/09,WALKER Taylor (ADE),151.0
2023 Brownlow Medal Top 3 25/09,HAWKINS Tom (GEE),151.0
2023 Brownlow Medal Top 5 25/09,DAICOS Nick (COL),1.04
2023 Brownlow Medal Top 5 25/09,BONTEMPELLI Marcus (WB),1.08
2023 Brownlow Medal Top 5 25/09,PETRACCA Christian (MEL),1.1
2023 Brownlow Medal Top 5 25/09,BUTTERS Zak (PA),1.25
2023 Brownlow Medal Top 5 25/09,NEALE Lachie (BRI),1.6
2023 Brownlow Medal Top 5 25/09,SERONG Caleb (FRE),2.5
2023 Brownlow Medal Top 5 25/09,TARANTO Tim (RIC),2.5
2023 Brownlow Medal Top 5 25/09,GULDEN Errol (SYD),2.6
2023 Brownlow Medal Top 5 25/09,ROZEE Connor (PA),3.5
2023 Brownlow Medal Top 5 25/09,DAWSON Jordan (ADE),3.5
2023 Brownlow Medal Top 5 25/09,MERRETT Zach (ESS),3.5
2023 Brownlow Medal Top 5 25/09,GREENE Toby (GWS),5.0
2023 Brownlow Medal Top 5 25/09,ANDERSON Noah (GC),7.0
2023 Brownlow Medal Top 5 25/09,SINCLAIR Jack (STK),9.0
2023 Brownlow Medal Top 5 25/09,CRIPPS Patrick (CAR),10.0
2023 Brownlow Medal Top 5 25/09,BRAYSHAW Andrew (FRE),12.0
2023 Brownlow Medal Top 5 25/09,ROWELL Matt (GC),13.0
2023 Brownlow Medal Top 5 25/09,CURNOW Charlie (CAR),13.0
2023 Brownlow Medal Top 5 25/09,VINEY Jack (MEL),13.0
2023 Brownlow Medal Top 5 25/09,GREEN Tom (GWS),13.0
2023 Brownlow Medal Top 5 25/09,LAIRD Rory (ADE),15.0
2023 Brownlow Medal Top 5 25/09,LIBERATORE Tom (WB),17.0
2023 Brownlow Medal Top 5 25/09,DAICOS Josh (COL),17.0
2023 Brownlow Medal Top 5 25/09,WARNER Chad (SYD),17.0
2023 Brownlow Medal Top 5 25/09,NEWCOMBE Jai (HAW),21.0
2023 Brownlow Medal Top 5 25/09,OLIVER Clayton (MEL),21.0
2023 Brownlow Medal Top 5 25/09,DUNKLEY Josh (BRI),26.0
2023 Brownlow Medal Top 5 25/09,CERRA Adam (CAR),26.0
2023 Brownlow Medal Top 5 25/09,RAYNER Cameron (BRI),26.0
2023 Brownlow Medal Top 5 25/09,PARISH Darcy (ESS),34.0
2023 Brownlow Medal Top 5 25/09,DAVIES-UNIACKE Luke (NM),34.0
2023 Brownlow Medal Top 5 25/09,BOLTON Shai (RIC),34.0
2023 Brownlow Medal Top 5 25/09,PENDLEBURY Scott (COL),41.0
2023 Brownlow Medal Top 5 25/09,DANGERFIELD Patrick (GEE),41.0
2023 Brownlow Medal Top 5 25/09,CROUCH Brad (STK),41.0
2023 Brownlow Medal Top 5 25/09,KELLY Tim (WCE),41.0
2023 Brownlow Medal Top 5 25/09,SICILY James (HAW),41.0
2023 Brownlow Medal Top 5 25/09,TRELOAR Adam (WB),41.0
2023 Brownlow Medal Top 5 25/09,MARTIN Dustin (RIC),41.0
2023 Brownlow Medal Top 5 25/09,CAMERON Jeremy (GEE),41.0
2023 Brownlow Medal Top 5 25/09,DE GOEY Jordan (COL),41.0
2023 Brownlow Medal Top 5 25/09,MACRAE Jackson (WB),41.0
2023 Brownlow Medal Top 5 25/09,HORNE-FRANCIS Jason (PA),51.0
2023 Brownlow Medal Top 5 25/09,KELLY Josh (GWS),51.0
2023 Brownlow Medal Top 5 25/09,MARTIN Nic (ESS),51.0
2023 Brownlow Medal Top 5 25/09,HAWKINS Tom (GEE),51.0
2023 Brownlow Medal Top 5 25/09,ENGLISH Tim (WB),51.0
2023 Brownlow Medal Top 5 25/09,WALKER Taylor (ADE),51.0
2023 Brownlow Medal Top 5 25/09,CONIGLIO Stephen (GWS),51.0
2023 Brownlow Medal Top 5 25/09,WALSH Sam (CAR),51.0
2023 Brownlow Medal Top 5 25/09,DOCHERTY Sam (CAR),51.0
2023 Brownlow Medal Top 5 25/09,WINES Ollie (PA),51.0
2023 Brownlow Medal Top 5 25/09,RIOLI Daniel (RIC),51.0
2023 Brownlow Medal Top 5 25/09,SMITH Bailey (WB),51.0
2023 Brownlow Medal Top 5 25/09,MILLS Callum (SYD),51.0
2023 Brownlow Medal Top 5 25/09,HOUSTON Dan (PA),51.0
2023 Brownlow Medal Top 5 25/09,JACKSON Luke (FRE),51.0
2023 Brownlow Medal Top 5 25/09,STEELE Jack (STK),51.0
2023 Brownlow Medal Top 5 25/09,GAWN Max (MEL),51.0
2023 Brownlow Medal Top 5 25/09,PARKER Luke (SYD),51.0
2023 Brownlow Medal Top 5 25/09,MCCLUGGAGE Hugh (BRI),51.0
2023 Brownlow Medal Top 5 25/09,MITCHELL Tom (COL),51.0
2023 Brownlow Medal Top 5 25/09,STEWART Tom (GEE),51.0
2023 Brownlow Medal Top 5 25/09,ASHCROFT Will (BRI),51.0
2023 Brownlow Medal Top 5 25/09,MARSHALL Rowan (STK),51.0
2023 Brownlow Medal Top 5 25/09,SMITH Isaac (GEE),67.0
2023 Brownlow Medal Top 5 25/09,WEITERING Jacob (CAR),67.0
2023 Brownlow Medal Top 5 25/09,AMON Karl (HAW),67.0
2023 Brownlow Medal Top 5 25/09,WHITFIELD Lachie (GWS),67.0
2023 Brownlow Medal Top 5 25/09,REDMAN Mason (ESS),67.0
2023 Brownlow Medal Top 5 25/09,MAY Steven (MEL),67.0
2023 Brownlow Medal Top 5 25/09,PAPLEY Tom (SYD),67.0
2023 Brownlow Medal Top 5 25/09,BAILEY Zac (BRI),67.0
2023 Brownlow Medal Top 5 25/09,SHEEZEL Harry (NM),67.0
2023 Brownlow Medal Top 5 25/09,WOOD Mason (STK),67.0
2023 Brownlow Medal Top 10 25/09,PETRACCA Christian (MEL),1.01
2023 Brownlow Medal Top 10 25/09,BONTEMPELLI Marcus (WB),1.01
2023 Brownlow Medal Top 10 25/09,BUTTERS Zak (PA),1.01
2023 Brownlow Medal Top 10 25/09,NEALE Lachie (BRI),1.02
2023 Brownlow Medal Top 10 25/09,TARANTO Tim (RIC),1.25
2023 Brownlow Medal Top 10 25/09,SERONG Caleb (FRE),1.27
2023 Brownlow Medal Top 10 25/09,GULDEN Errol (SYD),1.3
2023 Brownlow Medal Top 10 25/09,ROZEE Connor (PA),1.45
2023 Brownlow Medal Top 10 25/09,DAWSON Jordan (ADE),1.6
2023 Brownlow Medal Top 10 25/09,MERRETT Zach (ESS),1.75
2023 Brownlow Medal Top 10 25/09,SINCLAIR Jack (STK),1.85
2023 Brownlow Medal Top 10 25/09,GREENE Toby (GWS),1.9
2023 Brownlow Medal Top 10 25/09,ANDERSON Noah (GC),2.4
2023 Brownlow Medal Top 10 25/09,CRIPPS Patrick (CAR),2.75
2023 Brownlow Medal Top 10 25/09,BRAYSHAW Andrew (FRE),3.0
2023 Brownlow Medal Top 10 25/09,LAIRD Rory (ADE),3.0
2023 Brownlow Medal Top 10 25/09,CURNOW Charlie (CAR),3.25
2023 Brownlow Medal Top 10 25/09,VINEY Jack (MEL),4.5
2023 Brownlow Medal Top 10 25/09,GREEN Tom (GWS),4.5
2023 Brownlow Medal Top 10 25/09,WARNER Chad (SYD),5.0
2023 Brownlow Medal Top 10 25/09,DE GOEY Jordan (COL),5.0
2023 Brownlow Medal Top 10 25/09,DAICOS Josh (COL),5.0
2023 Brownlow Medal Top 10 25/09,LIBERATORE Tom (WB),5.0
2023 Brownlow Medal Top 10 25/09,OLIVER Clayton (MEL),6.0
2023 Brownlow Medal Top 10 25/09,PARISH Darcy (ESS),6.0
2023 Brownlow Medal Top 10 25/09,NEWCOMBE Jai (HAW),6.0
2023 Brownlow Medal Top 10 25/09,MARSHALL Rowan (STK),6.0
2023 Brownlow Medal Top 10 25/09,BOLTON Shai (RIC),7.0
2023 Brownlow Medal Top 10 25/09,SICILY James (HAW),7.5
2023 Brownlow Medal Top 10 25/09,WALKER Taylor (ADE),7.5
2023 Brownlow Medal Top 10 25/09,KELLY Tim (WCE),7.5
2023 Brownlow Medal Top 10 25/09,MARTIN Dustin (RIC),8.0
2023 Brownlow Medal Top 10 25/09,DUNKLEY Josh (BRI),8.0
2023 Brownlow Medal Top 10 25/09,DAVIES-UNIACKE Luke (NM),8.0
2023 Brownlow Medal Top 10 25/09,ROWELL Matt (GC),8.0
2023 Brownlow Medal Top 10 25/09,CERRA Adam (CAR),9.0
2023 Brownlow Medal Top 10 25/09,CONIGLIO Stephen (GWS),9.0
2023 Brownlow Medal Top 10 25/09,CAMERON Jeremy (GEE),10.0
2023 Brownlow Medal Top 10 25/09,PARKER Luke (SYD),10.0
2023 Brownlow Medal Top 10 25/09,CROUCH Brad (STK),11.0
2023 Brownlow Medal Top 10 25/09,KELLY Josh (GWS),11.0
2023 Brownlow Medal Top 10 25/09,HOUSTON Dan (PA),13.0
2023 Brownlow Medal Top 10 25/09,DANGERFIELD Patrick (GEE),13.0
2023 Brownlow Medal Top 10 25/09,TRELOAR Adam (WB),15.0
2023 Brownlow Medal Top 10 25/09,STEELE Jack (STK),15.0
2023 Brownlow Medal Top 10 25/09,JACKSON Luke (FRE),15.0
2023 Brownlow Medal Top 10 25/09,GAWN Max (MEL),15.0
2023 Brownlow Medal Top 10 25/09,MARTIN Nic (ESS),17.0
2023 Brownlow Medal Top 10 25/09,ENGLISH Tim (WB),17.0
2023 Brownlow Medal Top 10 25/09,MCCLUGGAGE Hugh (BRI),21.0
2023 Brownlow Medal Top 10 25/09,HORNE-FRANCIS Jason (PA),21.0
2023 Brownlow Medal Top 10 25/09,DOCHERTY Sam (CAR),21.0
2023 Brownlow Medal Top 10 25/09,WALSH Sam (CAR),21.0
2023 Brownlow Medal Top 10 25/09,PENDLEBURY Scott (COL),21.0
2023 Brownlow Medal Top 10 25/09,MITCHELL Tom (COL),21.0
2023 Brownlow Medal Top 10 25/09,ASHCROFT Will (BRI),21.0
2023 Brownlow Medal Top 10 25/09,ELLIOTT Jamie (COL),26.0
2023 Brownlow Medal Top 10 25/09,SHORT Jayden (RIC),26.0
2023 Brownlow Medal Top 10 25/09,AMON Karl (HAW),26.0
2023 Brownlow Medal Top 10 25/09,WHITFIELD Lachie (GWS),26.0
2023 Brownlow Medal Top 10 25/09,WINES Ollie (PA),26.0
2023 Brownlow Medal Top 10 25/09,BAILEY Zac (BRI),26.0
2023 Brownlow Medal Top 10 25/09,SHEEZEL Harry (NM),26.0
2023 Brownlow Medal Top 10 25/09,WOOD Mason (STK),26.0
2023 Brownlow Medal Top 10 25/09,SMITH Bailey (WB),34.0
2023 Brownlow Medal Top 10 25/09,KEAYS Ben (ADE),34.0
2023 Brownlow Medal Top 10 25/09,MILLS Callum (SYD),34.0
2023 Brownlow Medal Top 10 25/09,RIOLI Daniel (RIC),34.0
2023 Brownlow Medal Top 10 25/09,HEWETT George (CAR),34.0
2023 Brownlow Medal Top 10 25/09,SMITH Isaac (GEE),34.0
2023 Brownlow Medal Top 10 25/09,CRISP Jack (COL),34.0
2023 Brownlow Medal Top 10 25/09,WEITERING Jacob (CAR),34.0
2023 Brownlow Medal Top 10 25/09,LLOYD Jake (SYD),34.0
2023 Brownlow Medal Top 10 25/09,REDMAN Mason (ESS),34.0
2023 Brownlow Medal Top 10 25/09,POWELL-PEPPER Sam (PA),34.0
2023 Brownlow Medal Top 10 25/09,MAY Steven (MEL),34.0
2023 Brownlow Medal Top 10 25/09,THOMAS Tarryn (NM),34.0
2023 Brownlow Medal Top 10 25/09,HAWKINS Tom (GEE),34.0
2023 Brownlow Medal Top 10 25/09,PAPLEY Tom (SYD),34.0
2023 Brownlow Medal Top 10 25/09,STEWART Tom (GEE),34.0
2023 Brownlow Medal Top 10 25/09,RAYNER Cameron (BRI),8.0
2023 Brownlow Medal Top 10 25/09,MACRAE Jackson (WB),21.0
Brownlow Medal Top 20,SERONG Caleb (FRE),1.01
Brownlow Medal Top 20,MERRETT Zach (ESS),1.03
Brownlow Medal Top 20,GREEN Tom (GWS),1.7
Brownlow Medal Top 20,CONIGLIO Stephen (GWS),2.0
Brownlow Medal Top 20,DE GOEY Jordan (COL),2.25
Brownlow Medal Top 20,LIBERATORE Tom (WB),2.25
Brownlow Medal Top 20,PARISH Darcy (ESS),2.5
Brownlow Medal Top 20,OLIVER Clayton (MEL),2.5
Brownlow Medal Top 20,BOLTON Shai (RIC),2.75
Brownlow Medal Top 20,WALKER Taylor (ADE),2.75
Brownlow Medal Top 20,DAICOS Josh (COL),2.75
Brownlow Medal Top 20,KELLY Tim (WCE),3.0
Brownlow Medal Top 20,RAYNER Cameron (BRI),3.0
Brownlow Medal Top 20,SICILY James (HAW),3.0
Brownlow Medal Top 20,CERRA Adam (CAR),3.25
Brownlow Medal Top 20,PARKER Luke (SYD),3.5
Brownlow Medal Top 20,MARTIN Dustin (RIC),3.5
Brownlow Medal Top 20,DAVIES-UNIACKE Luke (NM),3.5
Brownlow Medal Top 20,CAMERON Jeremy (GEE),4.0
Brownlow Medal Top 20,GAWN Max (MEL),4.0
Brownlow Medal Top 20,DANGERFIELD Patrick (GEE),4.5
Brownlow Medal Top 20,MARTIN Nic (ESS),4.5
Brownlow Medal Top 20,CROUCH Brad (STK),4.5
Brownlow Medal Top 20,ENGLISH Tim (WB),4.5
Brownlow Medal Top 20,HOUSTON Dan (PA),5.0
Brownlow Medal Top 20,PENDLEBURY Scott (COL),5.5
Brownlow Medal Top 20,HORNE-FRANCIS Jason (PA),5.5
Brownlow Medal Top 20,STEELE Jack (STK),5.5
Brownlow Medal Top 20,MITCHELL Tom (COL),6.0
Brownlow Medal Top 20,MACRAE Jackson (WB),6.0
Brownlow Medal Top 20,STEWART Tom (GEE),6.0
Brownlow Medal Top 20,TRELOAR Adam (WB),6.0
Brownlow Medal Top 20,WALSH Sam (CAR),7.0
Brownlow Medal Top 20,JACKSON Luke (FRE),7.0
Brownlow Medal Top 20,SMITH Bailey (WB),7.0
Brownlow Medal Top 20,MCCLUGGAGE Hugh (BRI),7.0
Brownlow Medal Top 20,MILLS Callum (SYD),8.0
Brownlow Medal Top 20,WINES Ollie (PA),9.0
Brownlow Medal Top 20,DOCHERTY Sam (CAR),11.0
Brownlow Medal Top 20,BAILEY Zac (BRI),11.0
Brownlow Medal Top 20,ASHCROFT Will (BRI),13.0
Brownlow Medal Top 20,PAPLEY Tom (SYD),13.0
Brownlow Medal Top 20,SHEEZEL Harry (NM),15.0
Brownlow Medal Top 20,WOOD Mason (STK),15.0
Brownlow Medal Top 20,SMITH Isaac (GEE),15.0
Brownlow Medal Top 20,WEITERING Jacob (CAR),15.0
Brownlow Medal Top 20,AMON Karl (HAW),15.0
Brownlow Medal Top 20,REDMAN Mason (ESS),15.0
Brownlow Medal Top 20,MAY Steven (MEL),15.0
Brownlow Medal Top 20,CRISP Jack (COL),15.0
Brownlow Medal Top 20,WHITFIELD Lachie (GWS),15.0
Brownlow Medal Top 20,HAWKINS Tom (GEE),15.0
Brownlow Medal Top 20,RIOLI Daniel (RIC),15.0
Brownlow Medal Top 20,THOMAS Tarryn (NM),17.0
Brownlow Medal Top 20,SHORT Jayden (RIC),17.0
Brownlow Medal Top 20,KEAYS Ben (ADE),17.0
Brownlow Medal Top 20,HEWETT George (CAR),17.0
Brownlow Medal Top 20,LLOYD Jake (SYD),17.0
Brownlow Medal Top 20,POWELL-PEPPER Sam (PA),17.0
Brownlow Medal Top 20,ELLIOTT Jamie (COL),17.0
Brownlow Medal Quinella 25/09,Bontempelli/N.Daicos,2.5
Brownlow Medal Quinella 25/09,Bontempelli/Butters,5.5
Brownlow Medal Quinella 25/09,Butters/N.Daicos,5.5
Brownlow Medal Quinella 25/09,N.Daicos/Petracca,6.0
Brownlow Medal Quinella 25/09,Bontempelli/Petracca,6.5
Brownlow Medal Quinella 25/09,Bontempelli/Neale,11.0
Brownlow Medal Quinella 25/09,N.Daicos/Neale,12.0
Brownlow Medal Quinella 25/09,Butters/Petracca,13.0
Brownlow Medal Quinella 25/09,Butters/Neale,21.0
Brownlow Medal Quinella 25/09,Neale/Petracca,26.0
Brownlow Medal Quinella 25/09,Bontempelli/Serong,34.0
Brownlow Medal Quinella 25/09,N.Daicos/Serong,41.0
Brownlow Medal Quinella 25/09,N.Daicos/Taranto,51.0
Brownlow Medal Quinella 25/09,Bontempelli/Taranto,51.0
Brownlow Medal Quinella 25/09,Butters/Serong,67.0
Brownlow Medal Quinella 25/09,Bontempelli/Rozee,81.0
Brownlow Medal Quinella 25/09,Petracca/Serong,81.0
Brownlow Medal Quinella 25/09,Bontempelli/Dawson,101.0
Brownlow Medal Quinella 25/09,Dawson/N.Daicos,101.0
Brownlow Medal Quinella 25/09,Bontempelli/Gulden,101.0
Brownlow Medal Quinella 25/09,Petracca/Taranto,101.0
Brownlow Medal Quinella 25/09,Bontempelli/Merrett,101.0
Brownlow Medal Quinella 25/09,Butters/Taranto,101.0
Brownlow Medal Quinella 25/09,Gulden/N.Daicos,101.0
Brownlow Medal Quinella 25/09,Merrett/N.Daicos,101.0
Brownlow Medal Quinella 25/09,N.Daicos/Rozee,126.0
Brownlow Medal Quinella 25/09,Bontempelli/Sinclair,151.0
Brownlow Medal Quinella 25/09,Neale/Serong,151.0
Brownlow Medal Quinella 25/09,Dawson/Petracca,201.0
Brownlow Medal Quinella 25/09,Bontempelli/Greene,201.0
Brownlow Medal Quinella 25/09,Butters/Gulden,201.0
Brownlow Medal Quinella 25/09,Petracca/Rozee,201.0
Brownlow Medal Quinella 25/09,Butters/Merrett,201.0
Brownlow Medal Quinella 25/09,Butters/Dawson,201.0
Brownlow Medal Quinella 25/09,Butters/Rozee,251.0
Brownlow Medal Quinella 25/09,Gulden/Petracca,251.0
Brownlow Medal Quinella 25/09,Neale/Taranto,251.0
Brownlow Medal Quinella 25/09,Merrett/Petracca,251.0
Brownlow Medal Quinella 25/09,Gulden/Neale,301.0
Brownlow Medal Quinella 25/09,N.Daicos/Sinclair,301.0
Brownlow Medal Quinella 25/09,Anderson/Bontempelli,301.0
Brownlow Medal Quinella 25/09,Petracca/Sinclair,301.0
Brownlow Medal Quinella 25/09,Anderson/N.Daicos,351.0
Brownlow Medal Quinella 25/09,Greene/N.Daicos,351.0
Brownlow Medal Quinella 25/09,Merrett/Neale,401.0
Brownlow Medal Quinella 25/09,Butters/Greene,401.0
Brownlow Medal Quinella 25/09,Dawson/Neale,451.0
Brownlow Medal Quinella 25/09,Butters/Sinclair,451.0
Brownlow Medal Quinella 25/09,English/N.Daicos,501.0
Brownlow Medal Quinella 25/09,Bontempelli/Cripps,501.0
Brownlow Medal Quinella 25/09,Bontempelli/Crisp,501.0
Brownlow Medal Quinella 25/09,Bontempelli/Rachele,501.0
Brownlow Medal Quinella 25/09,Bontempelli/Guthrie,501.0
Brownlow Medal Quinella 25/09,Bontempelli/Steele,501.0
Brownlow Medal Quinella 25/09,N.Daicos/Wines,501.0
Brownlow Medal Quinella 25/09,H-Francis/N.Daicos,501.0
Brownlow Medal Quinella 25/09,Neale/Rozee,501.0
Brownlow Medal Quinella 25/09,D.Martin/N.Daicos,501.0
Brownlow Medal Quinella 25/09,Bontempelli/Wines,501.0
Brownlow Medal Quinella 25/09,Bontempelli/Hopper,501.0
Brownlow Medal Quinella 25/09,Bontempelli/Himmelberg,501.0
Brownlow Medal Quinella 25/09,Bontempelli/Macrae,501.0
Brownlow Medal Quinella 25/09,Bontempelli/Treloar,501.0
Brownlow Medal Quinella 25/09,Bontempelli/Martin,501.0
Brownlow Medal Quinella 25/09,Greene/Petracca,501.0
Brownlow Medal Quinella 25/09,Greene/Neale,501.0
Brownlow Medal Quinella 25/09,Neale/Sinclair,501.0
Brownlow Medal Quinella 25/09,Anderson/Petracca,501.0
Brownlow Medal Quinella 25/09,Bontempelli/Rowell,501.0
Brownlow Medal Quinella 25/09,Himmelberg/N.Daicos,501.0
Brownlow Medal Quinella 25/09,Aliir/Bontempelli,501.0
Brownlow Medal Quinella 25/09,Bontempelli/T.Kelly,501.0
Brownlow Medal Quinella 25/09,Butters/Whitfield,501.0
Brownlow Medal Quinella 25/09,Bontempelli/McCluggage,501.0
Brownlow Medal Exacta 25/09,N.Daicos/Bontempelli,4.5
Brownlow Medal Exacta 25/09,Bontempelli/N.Daicos,5.0
Brownlow Medal Exacta 25/09,Bontempelli/Butters,10.0
Brownlow Medal Exacta 25/09,N.Daicos/Butters,11.0
Brownlow Medal Exacta 25/09,Bontempelli/Petracca,11.0
Brownlow Medal Exacta 25/09,Butters/Bontempelli,12.0
Brownlow Medal Exacta 25/09,N.Daicos/Petracca,12.0
Brownlow Medal Exacta 25/09,Butters/N.Daicos,13.0
Brownlow Medal Exacta 25/09,Petracca/N.Daicos,14.0
Brownlow Medal Exacta 25/09,Petracca/Bontempelli,14.0
Brownlow Medal Exacta 25/09,N.Daicos/Neale,19.0
Brownlow Medal Exacta 25/09,Bontempelli/Neale,21.0
Brownlow Medal Exacta 25/09,Neale/N.Daicos,23.0
Brownlow Medal Exacta 25/09,Petracca/Butters,23.0
Brownlow Medal Exacta 25/09,Butters/Petracca,26.0
Brownlow Medal Exacta 25/09,Neale/Bontempelli,26.0
Brownlow Medal Exacta 25/09,Butters/Neale,41.0
Brownlow Medal Exacta 25/09,Petracca/Neale,41.0
Brownlow Medal Exacta 25/09,Neale/Butters,41.0
Brownlow Medal Exacta 25/09,Neale/Petracca,51.0
Brownlow Medal Exacta 25/09,Bontempelli/Serong,61.0
Brownlow Medal Exacta 25/09,N.Daicos/Serong,67.0
Brownlow Medal Exacta 25/09,Bontempelli/Taranto,81.0
Brownlow Medal Exacta 25/09,N.Daicos/Taranto,81.0
Brownlow Medal Exacta 25/09,Serong/N.Daicos,101.0
Brownlow Medal Exacta 25/09,Serong/Bontempelli,101.0
Brownlow Medal Exacta 25/09,Butters/Serong,126.0
Brownlow Medal Exacta 25/09,Taranto/N.Daicos,126.0
Brownlow Medal Exacta 25/09,Bontempelli/Rozee,151.0
Brownlow Medal Exacta 25/09,Taranto/Bontempelli,151.0
Brownlow Medal Exacta 25/09,Merrett/Bontempelli,151.0
Brownlow Medal Exacta 25/09,Petracca/Taranto,151.0
Brownlow Medal Exacta 25/09,Petracca/Serong,151.0
Brownlow Medal Exacta 25/09,Bontempelli/Dawson,151.0
Brownlow Medal Exacta 25/09,Serong/Butters,151.0
Brownlow Medal Exacta 25/09,N.Daicos/Gulden,201.0
Brownlow Medal Exacta 25/09,Serong/Petracca,201.0
Brownlow Medal Exacta 25/09,Gulden/Bontempelli,201.0
Brownlow Medal Exacta 25/09,N.Daicos/Rozee,201.0
Brownlow Medal Exacta 25/09,Rozee/Bontempelli,201.0
Brownlow Medal Exacta 25/09,Merrett/N.Daicos,201.0
Brownlow Medal Exacta 25/09,N.Daicos/Dawson,201.0
Brownlow Medal Exacta 25/09,N.Daicos/Merrett,201.0
Brownlow Medal Exacta 25/09,Taranto/Butters,201.0
Brownlow Medal Exacta 25/09,Bontempelli/Gulden,201.0
Brownlow Medal Exacta 25/09,Neale/Serong,251.0
Brownlow Medal Exacta 25/09,Gulden/N.Daicos,251.0
Brownlow Medal Exacta 25/09,Bontempelli/Merrett,251.0
Brownlow Medal Exacta 25/09,Bontempelli/Sinclair,251.0
Brownlow Medal Exacta 25/09,Butters/Taranto,251.0
Brownlow Medal Exacta 25/09,Bontempelli/Greene,301.0
Brownlow Medal Exacta 25/09,Rozee/N.Daicos,301.0
Brownlow Medal Exacta 25/09,Gulden/Butters,301.0
Brownlow Medal Exacta 25/09,Taranto/Petracca,301.0
Brownlow Medal Exacta 25/09,Butters/Dawson,301.0
Brownlow Medal Exacta 25/09,Dawson/N.Daicos,301.0
Brownlow Medal Exacta 25/09,Dawson/Petracca,351.0
Brownlow Medal Exacta 25/09,Rozee/Petracca,351.0
Brownlow Medal Exacta 25/09,Butters/Rozee,351.0
Brownlow Medal Exacta 25/09,Dawson/Bontempelli,351.0
Brownlow Medal Exacta 25/09,Petracca/Merrett,401.0
Brownlow Medal Exacta 25/09,Gulden/Petracca,401.0
Brownlow Medal Exacta 25/09,Merrett/Butters,451.0
Brownlow Medal Exacta 25/09,Neale/Taranto,451.0
Brownlow Medal Exacta 25/09,Dawson/Butters,501.0
Brownlow Medal Exacta 25/09,Greene/N.Daicos,501.0
Brownlow Medal Exacta 25/09,Anderson/Bontempelli,501.0
Brownlow Medal Exacta 25/09,Petracca/Dawson,501.0
Brownlow Medal Exacta 25/09,Serong/Neale,501.0
Brownlow Medal Exacta 25/09,Petracca/Sinclair,501.0
Brownlow Medal Exacta 25/09,Greene/Butters,501.0
Brownlow Medal Exacta 25/09,N.Daicos/Sinclair,501.0
Brownlow Medal Exacta 25/09,Bontempelli/Crisp,501.0
Brownlow Medal Exacta 25/09,Taranto/Neale,501.0
Brownlow Medal Exacta 25/09,Bontempelli/Steele,501.0
Brownlow Medal Exacta 25/09,Neale/Dawson,501.0
Brownlow Medal Exacta 25/09,Sinclair/Bontempelli,501.0
Brownlow Medal Exacta 25/09,Butters/Gulden,501.0
Brownlow Medal Exacta 25/09,Greene/Bontempelli,501.0
Brownlow Medal Exacta 25/09,Anderson/N.Daicos,501.0
Brownlow Medal Exacta 25/09,Butters/Merrett,501.0
Brownlow Medal Exacta 25/09,Merrett/Petracca,501.0
Brownlow Medal Exacta 25/09,Neale/Gulden,501.0
Brownlow Medal Exacta 25/09,Petracca/Rozee,501.0
Brownlow Medal Trifecta 25/09,N.Daicos/Bontempeli/Petracca,16.0
Brownlow Medal Trifecta 25/09,N.Daicos/Bontempelli/Butters,16.0
Brownlow Medal Trifecta 25/09,Bontempelli/N.Daicos/Butters,18.0
Brownlow Medal Trifecta 25/09,Bontempeli/N.Daicos/Petracca,18.0
Brownlow Medal Trifecta 25/09,N.Daicos/Petracca/Bontempeli,18.0
Brownlow Medal Trifecta 25/09,Bontempelli/Butters/N.Daicos,21.0
Brownlow Medal Trifecta 25/09,N.Daicos/Butters/Bontempelli,21.0
Brownlow Medal Trifecta 25/09,Butters/Bontempelli/N.Daicos,21.0
Brownlow Medal Trifecta 25/09,Butters/N.Daicos/Bontempelli,26.0
Brownlow Medal Trifecta 25/09,Bontempeli/Petracca/N.Daicos,26.0
Brownlow Medal Trifecta 25/09,Petracca/Bontempeli/N.Daicos,26.0
Brownlow Medal Trifecta 25/09,Petracca/N.Daicos/Bontempeli,26.0
Brownlow Medal Trifecta 25/09,N.Daicos/Bontempelli/Neale,26.0
Brownlow Medal Trifecta 25/09,Butters/Bontempelli/Petracca,31.0
Brownlow Medal Trifecta 25/09,Bontempelli/N.Daicos/Neale,34.0
Brownlow Medal Trifecta 25/09,Bontempelli/Butters/Petracca,34.0
Brownlow Medal Trifecta 25/09,Bontempelli/Petracca/Butters,34.0
Brownlow Medal Trifecta 25/09,Bontempelli/Neale/N.Daicos,41.0
Brownlow Medal Trifecta 25/09,Neale/Bontempelli/N.Daicos,41.0
Brownlow Medal Trifecta 25/09,Petracca/N.Daicos/Butters,41.0
Brownlow Medal Trifecta 25/09,N.Daicos/Petracca/Butters,41.0
Brownlow Medal Trifecta 25/09,N.Daicos/Butters/Petracca,41.0
Brownlow Medal Trifecta 25/09,Petracca/Butters/Bontempelli,41.0
Brownlow Medal Trifecta 25/09,Neale/N.Daicos/Bontempelli,51.0
Brownlow Medal Trifecta 25/09,Butters/Petracca/Bontempelli,51.0
Brownlow Medal Trifecta 25/09,Petracca/Butters/N.Daicos,51.0
Brownlow Medal Trifecta 25/09,Petracca/Bontempelli/Butters,51.0
Brownlow Medal Trifecta 25/09,Butters/N.Daicos/Petracca,51.0
Brownlow Medal Trifecta 25/09,N.Daicos/Butters/Neale,51.0
Brownlow Medal Trifecta 25/09,Butters/Petracca/N.Daicos,51.0
Brownlow Medal Trifecta 25/09,N.Daicos/Neale/Bontempelli,51.0
Brownlow Medal Trifecta 25/09,N.Daicos/Petracca/Neale,51.0
Brownlow Medal Trifecta 25/09,Neale/N.Daicos/Butters,67.0
Brownlow Medal Trifecta 25/09,Bontempelli/Butters/Neale,67.0
Brownlow Medal Trifecta 25/09,Bontempelli/Neale/Petracca,81.0
Brownlow Medal Trifecta 25/09,Neale/N.Daicos/Petracca,81.0
Brownlow Medal Trifecta 25/09,Butters/Bontempelli/Neale,81.0
Brownlow Medal Trifecta 25/09,Bontempelli/Neale/Butters,81.0
Brownlow Medal Trifecta 25/09,Neale/Butters/N.Daicos,81.0
Brownlow Medal Trifecta 25/09,N.Daicos/Neale/Butters,81.0
Brownlow Medal Trifecta 25/09,Butters/Neale/Bontempelli,81.0
Brownlow Medal Trifecta 25/09,Petracca/N.Daicos/Neale,81.0
Brownlow Medal Trifecta 25/09,Bontempelli/Petracca/Neale,81.0
Brownlow Medal Trifecta 25/09,Butters/N.Daicos/Neale,81.0
Brownlow Medal Trifecta 25/09,Petracca/Neale/Bontempelli,101.0
Brownlow Medal Trifecta 25/09,N.Daicos/Bontempelli/Serong,101.0
Brownlow Medal Trifecta 25/09,Petracca/Neale/N.Daicos,101.0
Brownlow Medal Trifecta 25/09,Petracca/Bontempelli/Neale,101.0
Brownlow Medal Trifecta 25/09,Bontempelli/N.Daicos/Serong,101.0
Brownlow Medal Trifecta 25/09,Butters/Neale/N.Daicos,101.0
Brownlow Medal Trifecta 25/09,Neale/Bontempelli/Butters,101.0
Brownlow Medal Trifecta 25/09,N.Daicos/Neale/Petracca,101.0
Brownlow Medal Trifecta 25/09,Bontempelli/Serong/N.Daicos,126.0
Brownlow Medal Trifecta 25/09,N.Daicos/Serong/Bontempelli,126.0
Brownlow Medal Trifecta 25/09,Neale/Bontempelli/Petracca,126.0
Brownlow Medal Trifecta 25/09,Bontempelli/N.Daicos/Taranto,126.0
Brownlow Medal Trifecta 25/09,Neale/Butters/Bontempelli,126.0
Brownlow Medal Trifecta 25/09,Neale/Petracca/Bontempelli,126.0
Brownlow Medal Trifecta 25/09,Bontempelli/Taranto/N.Daicos,126.0
Brownlow Medal Trifecta 25/09,N.Daicos/Bontempelli/Taranto,151.0
Brownlow Medal Trifecta 25/09,Neale/Petracca/Butters,151.0
Brownlow Medal Trifecta 25/09,Bontempelli/N.Daicos/Gulden,201.0
Brownlow Medal Trifecta 25/09,N.Daicos/Taranto/Bontempelli,201.0
Brownlow Medal Trifecta 25/09,Serong/Bontempelli/N.Daicos,201.0
Brownlow Medal Trifecta 25/09,N.Daicos/Bontempelli/Gulden,201.0
Brownlow Medal Trifecta 25/09,Butters/Bontempelli/Serong,201.0
Brownlow Medal Trifecta 25/09,Bontempelli/Serong/Petracca,201.0
Brownlow Medal Trifecta 25/09,N.Daicos/Butters/Serong,201.0
Brownlow Medal Trifecta 25/09,Serong/N.Daicos/Bontempelli,201.0
Brownlow Medal Trifecta 25/09,Neale/Petracca/N.Daicos,201.0
Brownlow Medal Trifecta 25/09,Butters/Petracca/Neale,201.0
Brownlow Medal Trifecta 25/09,Bontempelli/N.Daicos/Merrett,201.0
Brownlow Medal Trifecta 25/09,Bontempelli/Petracca/Serong,201.0
Brownlow Medal Trifecta 25/09,Butters/Neale/Petracca,201.0
Brownlow Medal Trifecta 25/09,N.Daicos/Serong/Butters,301.0
Brownlow Medal Trifecta 25/09,Petracca/Bontempelli/Serong,301.0
Brownlow Medal Trifecta 25/09,Petracca/Butters/Neale,301.0
Brownlow Medal Trifecta 25/09,N.Daicos/Petracca/Taranto,301.0
Brownlow Medal Trifecta 25/09,N.Daicos/Bontempelli/Dawson,301.0
Brownlow Medal Trifecta 25/09,Bontempelli/N.Daicos/Rozee,301.0
Brownlow Medal Trifecta 25/09,Bontempelli/Butters/Serong,301.0
Brownlow Medal Trifecta 25/09,N.Daicos/Bontempelli/Rozee,301.0
Brownlow Medal Trifecta 25/09,Bontempelli/Neale/Taranto,351.0
Brownlow Medal Trifecta 25/09,Butters/Serong/Bontempelli,351.0
Brownlow Medal Trifecta 25/09,Petracca/Neale/Butters,351.0
Brownlow Medal Trifecta 25/09,Taranto/N.Daicos/Bontempelli,351.0
Brownlow Medal Trifecta 25/09,Bontempelli/Taranto/Butters,351.0
Brownlow Medal Trifecta 25/09,Bontempelli/Butters/Taranto,351.0
Brownlow Medal Trifecta 25/09,Bontempelli/Serong/Butters,351.0
Brownlow Medal Trifecta 25/09,Butters/N.Daicos/Serong,351.0
Brownlow Medal Trifecta 25/09,Petracca/N.Daicos/Serong,401.0
Brownlow Medal Trifecta 25/09,Butters/Serong/N.Daicos,401.0
Brownlow Medal Trifecta 25/09,Neale/Butters/Petracca,401.0
Brownlow Medal Trifecta 25/09,Serong/N.Daicos/Butters,401.0
Brownlow Medal Trifecta 25/09,N.Daicos/Bontempelli/Merrett,401.0
Brownlow Medal Trifecta 25/09,Taranto/Bontempelli/N.Daicos,401.0
Brownlow Medal Trifecta 25/09,N.Daicos/Serong/Petracca,451.0
Brownlow Medal Trifecta 25/09,Bontempelli/N.Daicos/Greene,451.0
Brownlow Medal Trifecta 25/09,Butters/N.Daicos/Taranto,451.0
Brownlow Medal Trifecta 25/09,Serong/Butters/N.Daicos,451.0
Brownlow Medal Trifecta 25/09,N.Daicos/Taranto/Butters,451.0
Brownlow Medal Trifecta 25/09,Gulden/N.Daicos/Bontempelli,451.0
Brownlow Medal Trifecta 25/09,Serong/Butters/Bontempelli,451.0
Brownlow Medal Trifecta 25/09,Bontempeli/N.Daicos/Sinclair,451.0
Brownlow Medal Trifecta 25/09,Serong/Bontempelli/Butters,451.0
Brownlow Medal Trifecta 25/09,Bontempelli/Rozee/N.Daicos,451.0
Brownlow Medal Trifecta 25/09,Butters/Bontempelli/Dawson,501.0
Brownlow Medal Trifecta 25/09,Bontempelli/Gulden/N.Daicos,501.0
Brownlow Medal Trifecta 25/09,Butters/Taranto/N.Daicos,501.0
Brownlow Medal Trifecta 25/09,N.Daicos/Taranto/Petracca,501.0
Brownlow Medal Trifecta 25/09,N.Daicos/Butters/Taranto,501.0
Brownlow Medal Trifecta 25/09,Taranto/Butters/N.Daicos,501.0
Brownlow Medal Trifecta 25/09,Bontempelli/Butters/Gulden,501.0
Brownlow Medal Trifecta 25/09,Petracca/Serong/N.Daicos,501.0
Brownlow Medal Trifecta 25/09,Butters/Bontempelli/Taranto,501.0
Brownlow Medal Trifecta 25/09,Serong/N.Daicos/Petracca,501.0
Brownlow Medal Trifecta 25/09,Taranto/Bontempelli/Butters,501.0
Brownlow Medal Trifecta 25/09,Bontempelli/Petracca/Taranto,501.0
Brownlow Medal Trifecta 25/09,Rozee/Bontempelli/N.Daicos,501.0
Brownlow Medal Trifecta 25/09,Petracca/Bontempelli/Taranto,501.0
Brownlow Medal Trifecta 25/09,N.Daicos/Bontempeli/Sinclair,501.0
Brownlow Medal Trifecta 25/09,Bontempelli/Serong/Neale,501.0
Brownlow Boxed Trifecta 25/09,Bontempeli/N.Daicos/Petracca,3.0
Brownlow Boxed Trifecta 25/09,Bontempelli/Butters/N.Daicos,3.5
Brownlow Boxed Trifecta 25/09,Bontempelli/N.Daicos/Neale,7.0
Brownlow Boxed Trifecta 25/09,Bontempelli/Butters/Petracca,9.0
Brownlow Boxed Trifecta 25/09,Butters/N.Daicos/Petracca,9.0
Brownlow Boxed Trifecta 25/09,Butters/N.Daicos/Neale,18.0
Brownlow Boxed Trifecta 25/09,Bontempelli/Butters/Neale,18.0
Brownlow Boxed Trifecta 25/09,Bontempelli/Neale/Petracca,21.0
Brownlow Boxed Trifecta 25/09,Bontempelli/N.Daicos/Serong,26.0
Brownlow Boxed Trifecta 25/09,N.Daicos/Neale/Petracca,26.0
Brownlow Boxed Trifecta 25/09,Bontempelli/N.Daicos/Taranto,34.0
Brownlow Boxed Trifecta 25/09,Butters/Neale/Petracca,34.0
Brownlow Boxed Trifecta 25/09,Bontempelli/Petracca/Serong,51.0
Brownlow Boxed Trifecta 25/09,Bontempelli/Gulden/N.Daicos,51.0
Brownlow Boxed Trifecta 25/09,Bontempelli/Butters/Serong,51.0
Brownlow Boxed Trifecta 25/09,Butters/N.Daicos/Serong,51.0
Brownlow Boxed Trifecta 25/09,Bontempelli/N.Daicos/Rozee,67.0
Brownlow Boxed Trifecta 25/09,N.Daicos/Petracca/Serong,81.0
Brownlow Boxed Trifecta 25/09,Butters/N.Daicos/Taranto,81.0
Brownlow Boxed Trifecta 25/09,Bontempelli/Butters/Taranto,81.0
Brownlow Boxed Trifecta 25/09,N.Daicos/Petracca/Taranto,101.0
Brownlow Boxed Trifecta 25/09,Bontempelli/Merrett/N.Daicos,101.0
Brownlow Boxed Trifecta 25/09,Bontempelli/Petracca/Taranto,126.0
Brownlow Boxed Trifecta 25/09,Bontempelli/Dawson/N.Daicos,126.0
Brownlow Boxed Trifecta 25/09,Bontempeli/N.Daicos/Sinclair,126.0
Brownlow Boxed Trifecta 25/09,Bontempelli/Neale/Taranto,126.0
Brownlow Boxed Trifecta 25/09,Bontempelli/Neale/Serong,151.0
Brownlow Boxed Trifecta 25/09,Bontempelli/Butters/Merrett,151.0
Brownlow Boxed Trifecta 25/09,Bontempelli/Merrett/Petracca,151.0
Brownlow Boxed Trifecta 25/09,Butters/Merrett/N.Daicos,151.0
Brownlow Boxed Trifecta 25/09,Bontempelli/Greene/N.Daicos,151.0
Brownlow Boxed Trifecta 25/09,Butters/Petracca/Serong,151.0
Brownlow Boxed Trifecta 25/09,N.Daicos/Neale/Serong,151.0
Brownlow Boxed Trifecta 25/09,Butters/Dawson/N.Daicos,151.0
Brownlow Boxed Trifecta 25/09,Bontempelli/Butters/Gulden,151.0
Brownlow Boxed Trifecta 25/09,Bontempelli/Petracca/Rozee,151.0
Brownlow Boxed Trifecta 25/09,Bontempelli/Dawson/Petracca,201.0
Brownlow Boxed Trifecta 25/09,N.Daicos/Neale/Taranto,201.0
Brownlow Boxed Trifecta 25/09,Bontempelli/Butters/Dawson,251.0
Brownlow Boxed Trifecta 25/09,Bontempelli/Butters/Rozee,251.0
Brownlow Boxed Trifecta 25/09,Bontempelli/Gulden/Petracca,251.0
Brownlow Boxed Trifecta 25/09,Dawson/N.Daicos/Petracca,251.0
Brownlow Boxed Trifecta 25/09,Butters/Petracca/Taranto,301.0
Brownlow Boxed Trifecta 25/09,Butters/Gulden/N.Daicos,301.0
Brownlow Boxed Trifecta 25/09,Butters/Neale/Serong,301.0
Brownlow Boxed Trifecta 25/09,Bontempeli/Petracca/Sinclair,301.0
Brownlow Boxed Trifecta 25/09,Butters/N.Daicos/Rozee,301.0
Brownlow Boxed Trifecta 25/09,Merrett/N.Daicos/Petracca,301.0
Brownlow Boxed Trifecta 25/09,Gulden/N.Daicos/Neale,351.0
Brownlow Boxed Trifecta 25/09,Dawson/N.Daicos/Neale,351.0
Brownlow Boxed Trifecta 25/09,Bontempelli/Greene/Petracca,351.0
Brownlow Boxed Trifecta 25/09,N.Daicos/Petracca/Rozee,351.0
Brownlow Boxed Trifecta 25/09,Gulden/N.Daicos/Petracca,351.0
Brownlow Boxed Trifecta 25/09,Butters/N.Daicos/Sinclair,351.0
Brownlow Boxed Trifecta 25/09,Butters/Petracca/Rozee,351.0
Brownlow Boxed Trifecta 25/09,Merrett/N.Daicos/Neale,351.0
Brownlow Boxed Trifecta 25/09,Bontempelli/Neale/Rozee,351.0
Brownlow Boxed Trifecta 25/09,Bontempelli/Butters/Sinclair,351.0
Brownlow Boxed Trifecta 25/09,Butters/Dawson/Petracca,401.0
Brownlow Boxed Trifecta 25/09,Neale/Petracca/Taranto,401.0
Brownlow Boxed Trifecta 25/09,Butters/Merrett/Petracca,401.0
Brownlow Boxed Trifecta 25/09,Bontempelli/Butters/Greene,401.0
Brownlow Boxed Trifecta 25/09,Bontmpli/McCluggage/N.Daicos,401.0
Brownlow Boxed Trifecta 25/09,Andersn/Bontempelli/N.Daicos,451.0
Brownlow Boxed Trifecta 25/09,Butters/Gulden/Petracca,451.0
Brownlow Boxed Trifecta 25/09,Bontempelli/Merrett/Neale,451.0
Brownlow Boxed Trifecta 25/09,N.Daicos/Petracca/Sinclair,451.0
Brownlow Boxed Trifecta 25/09,Neale/Petracca/Serong,451.0
Brownlow Boxed Trifecta 25/09,Bontempelli/Curnow/N.Daicos,501.0
Brownlow Boxed Trifecta 25/09,Bontempelli/Cameron/N.Daicos,501.0
Brownlow Boxed Trifecta 25/09,Bontempelli/N.Daicos/Parish,501.0
Brownlow Boxed Trifecta 25/09,Bontempelli/Draper/N.Daicos,501.0
Brownlow Boxed Trifecta 25/09,Bontempelli/Cripps/N.Daicos,501.0
Brownlow Boxed Trifecta 25/09,Andersn/Bontempelli/Petracca,501.0
Brownlow Boxed Trifecta 25/09,Anderson/Butters/N.Daicos,501.0
Brownlow Boxed Trifecta 25/09,Butters/Neale/Rozee,501.0
Brownlow Boxed Trifecta 25/09,Bontempelli/Dawson/Neale,501.0
Brownlow Boxed Trifecta 25/09,Butters/Gulden/Neale,501.0
Brownlow Boxed Trifecta 25/09,Bontempelli/Dunkley/N.Daicos,501.0
Brownlow Boxed Trifecta 25/09,Bontempelli/Gulden/Neale,501.0
Brownlow Boxed Trifecta 25/09,Bontempelli/Gaff/N.Daicos,501.0
Brownlow Boxed Trifecta 25/09,N.Daicos/Neale/Sinclair,501.0
Brownlow Boxed Trifecta 25/09,Bontempelli/N.Daicos/Walsh,501.0
Brownlow Boxed Trifecta 25/09,Bontempelli/Miller/N.Daicos,501.0
Brownlow Boxed Trifecta 25/09,Bontempelli/N.Daicos/Treloar,501.0
Brownlow Boxed Trifecta 25/09,Bontempeli/Mitchell/N.Daicos,501.0
Brownlow Boxed Trifecta 25/09,Bontempelli/Hopper/N.Daicos,501.0
Brownlow Medal Handicap,Nick Daicos (COL) +0,12.0
Brownlow Medal Handicap,Marcus Bontempelli (WB) +1.5,12.0
Brownlow Medal Handicap,Christian Petracca(MEL) +3.5,11.0
Brownlow Medal Handicap,Zak Butters (PA) +3.5,8.0
Brownlow Medal Handicap,Lachie Neale (BRI) +6.5,5.0
Brownlow Medal Handicap,Caleb Serong (FRE) +7.5,13.0
Brownlow Medal Handicap,Tim Taranto (RIC) +7.5,13.0
Brownlow Medal Handicap,Connor Rozee (PA) +8.5,13.0
Brownlow Medal Handicap,Errol Gulden (SYD) +9.5,9.0
Brownlow Medal Handicap,Jordan Dawson (ADE) +10.5,12.0
Brownlow Medal Handicap,Zach Merrett (ESS) +10.5,12.0
Brownlow Medal Handicap,Noah Anderson (GC) +11.5,12.0
Brownlow Medal Handicap,Toby Greene (GWS) +12.5,9.0
Brownlow Medal Handicap,Patrick Cripps (CAR) +13.5,12.0
Brownlow Winning Margin 25/09,Tie,5.0
Brownlow Winning Margin 25/09,1 to 2,1.9
Brownlow Winning Margin 25/09,3 to 4,3.75
Brownlow Winning Margin 25/09,5 to 6,9.0
Brownlow Winning Margin 25/09,7 to 10,21.0
Brownlow Winning Margin 25/09,11+,101.0
Brownlow Exact Win Margin 25/09,Tie,5.0
Brownlow Exact Win Margin 25/09,1 Vote,3.0
Brownlow Exact Win Margin 25/09,2 Votes,4.0
Brownlow Exact Win Margin 25/09,3 Votes,6.0
Brownlow Exact Win Margin 25/09,4 Votes,8.0
Brownlow Exact Win Margin 25/09,5 Votes,13.0
Brownlow Exact Win Margin 25/09,6 Votes,26.0
Brownlow Exact Win Margin 25/09,7 Votes,34.0
Brownlow Exact Win Margin 25/09,8 Votes,67.0
Brownlow Exact Win Margin 25/09,9 Votes,201.0
Brownlow Exact Win Margin 25/09,10 Votes,501.0
Brownlow Exact Win Margin 25/09,11+ Votes,101.0
Brownlow Team Poll Most Votes 25/09,Collingwood,1.55
Brownlow Team Poll Most Votes 25/09,Melbourne,3.0
Brownlow Team Poll Most Votes 25/09,Port Adelaide,6.5
Brownlow Team Poll Most Votes 25/09,Brisbane,19.0
Brownlow Team Poll Most Votes 25/09,Western Bulldogs,51.0
Brownlow Team Poll Most Votes 25/09,Adelaide,151.0
Brownlow Team Poll Most Votes 25/09,Carlton,151.0
Brownlow Team Poll Most Votes 25/09,Greater Western Sydney,151.0
Brownlow Team Poll Most Votes 25/09,Sydney,151.0
Brownlow Team Poll Most Votes 25/09,St Kilda,201.0
Brownlow Team Poll Most Votes 25/09,Fremantle,251.0
Brownlow Team Poll Most Votes 25/09,Essendon,301.0
Brownlow Team Poll Most Votes 25/09,Richmond,301.0
Brownlow Team Poll Most Votes 25/09,Geelong,501.0
Brownlow Team Poll Most Votes 25/09,Gold Coast,501.0
Brownlow Team Poll Most Votes 25/09,Hawthorn,501.0
Brownlow Team Poll Most Votes 25/09,North Melbourne,501.0
Brownlow Team Poll Most Votes 25/09,West Coast,501.0
Brownlow Leader after Round 5 25/09,Nick Daicos (COL),1.25
Brownlow Leader after Round 5 25/09,Clayton Oliver (MEL),9.0
Brownlow Leader after Round 5 25/09,Jeremy Cameron (GEE),13.0
Brownlow Leader after Round 5 25/09,Jordan Dawson (ADE),17.0
Brownlow Leader after Round 5 25/09,Darcy Parish (ESS),17.0
Brownlow Leader after Round 5 25/09,Zach Merrett (ESS),51.0
Brownlow Leader after Round 5 25/09,Caleb Serong (FRE),51.0
Brownlow Leader after Round 5 25/09,Chad Warner (SYD),81.0
Brownlow Leader after Round 5 25/09,Christian Petracca (MEL),101.0
Brownlow Leader after Round 5 25/09,Rory Laird (ADE),151.0
Brownlow Leader after Round 5 25/09,Tim Taranto (RIC),501.0
Brownlow Leader after Round 5 25/09,Luke Davies-Uniacke (NM),501.0
Brownlow Leader after Round 5 25/09,Brad Crouch (STK),501.0
Brownlow Leader after Round 10 25/09,Nick Daicos (COL),1.72
Brownlow Leader after Round 10 25/09,Clayton Oliver (MEL),5.0
Brownlow Leader after Round 10 25/09,Jordan Dawson (ADE),7.0
Brownlow Leader after Round 10 25/09,Christian Petracca (MEL),12.0
Brownlow Leader after Round 10 25/09,Zak Butters (PA),16.0
Brownlow Leader after Round 10 25/09,Marcus Bontempelli (WB),18.0
Brownlow Leader after Round 10 25/09,Lachie Neale (BRI),21.0
Brownlow Leader after Round 10 25/09,Tim Taranto (RIC),26.0
Brownlow Leader after Round 10 25/09,Caleb Serong (FRE),67.0
Brownlow Leader after Round 10 25/09,Jeremy Cameron (GEE),81.0
Brownlow Leader after Round 10 25/09,Darcy Parish (ESS),101.0
Brownlow Leader after Round 10 25/09,Zach Merrett (ESS),101.0
Brownlow Leader after Round 10 25/09,Noah Anderson (GC),151.0
Brownlow Leader after Round 10 25/09,Connor Rozee (PA),501.0
Brownlow Poll in Most Games 25/09,Christian Petracca (MEL),2.25
Brownlow Poll in Most Games 25/09,Marcus Bontempelli (WB),5.0
Brownlow Poll in Most Games 25/09,Nick Daicos (COL),6.5
Brownlow Poll in Most Games 25/09,Zak Butters (PA),8.0
Brownlow Poll in Most Games 25/09,Caleb Serong (FRE),10.0
Brownlow Poll in Most Games 25/09,Connor Rozee (PA),15.0
Brownlow Poll in Most Games 25/09,Tim Taranto (RIC),21.0
Brownlow Poll in Most Games 25/09,Lachie Neale (BRI),21.0
Brownlow Poll in Most Games 25/09,Jordan Dawson (ADE),34.0
Brownlow Poll in Most Games 25/09,Zach Merrett (ESS),67.0
Brownlow Most 3 Vote Games 25/09,Nick Daicos (COL),2.5
Brownlow Most 3 Vote Games 25/09,Marcus Bontempelli (WB),3.5
Brownlow Most 3 Vote Games 25/09,Zak Butters (PA),5.0
Brownlow Most 3 Vote Games 25/09,Lachie Neale (BRI),9.0
Brownlow Most 3 Vote Games 25/09,Christian Petracca (MEL),15.0
Brownlow Most 3 Vote Games 25/09,Errol Gulden (SYD),21.0
Brownlow Most 3 Vote Games 25/09,Zach Merrett (ESS),34.0
Brownlow Most 3 Vote Games 25/09,Caleb Serong (FRE),34.0
Brownlow Most 3 Vote Games 25/09,Tim Taranto (RIC),41.0
Brownlow Most 3 Vote Games 25/09,Toby Greene (GWS),67.0
Brownlow Most 3 Vote Games 25/09,Connor Rozee (PA),81.0
Brownlow Most 3 Vote Games 25/09,Jordan Dawson (ADE),151.0
Brownlow Most 3 Vote Games 25/09,Jack Sinclair (STK),201.0
Brownlow Most 3 Vote Games 25/09,Noah Anderson (GC),301.0
Brownlow Medal ToPollVote,Luke Shuey (WCE),1.08
Brownlow Medal ToPollVote,N Wanganeen-Milera (STK),1.08
Brownlow Medal ToPollVote,Bailey Dale (WB),1.08
Brownlow Medal ToPollVote,Bayley Fritsch (MEL),1.1
Brownlow Medal ToPollVote,Brodie Smith (ADE),1.09
Brownlow Medal ToPollVote,Jaeger OMeara (GC),1.1
Brownlow Medal ToPollVote,Reilly OBrien (ADE),1.08
Brownlow Medal ToPollVote,Harrison Petty (MEL),1.1
Brownlow Medal ToPollVote,Jamie Cripps (WCE),1.1
Brownlow Medal ToPollVote,Jarrod Witts (GC),1.1
Brownlow Medal ToPollVote,Lachie Weller (GC),1.12
Brownlow Medal ToPollVote,Brent Daniels (GWS),1.12
Brownlow Medal ToPollVote,Connor MacDonald (HAW),1.12
Brownlow Medal ToPollVote,Callan Ward (GWS),1.13
Brownlow Medal ToPollVote,Callum Ah Chee (BRI),1.13
Brownlow Medal ToPollVote,Jake Lever (MEL),1.14
Brownlow Medal ToPollVote,Will Hayward (SYD),1.12
Brownlow Medal ToPollVote,Jordan Ridley (ESS),1.14
Brownlow Medal ToPollVote,Dom Sheed (WCE),1.15
Brownlow Medal ToPollVote,Max King (STK),1.15
Brownlow Medal ToPollVote,Liam Baker (RIC),1.17
Brownlow Medal ToPollVote,David Swallow (GC),1.18
Brownlow Medal ToPollVote,Jack Ziebell (NM),1.19
Brownlow Medal ToPollVote,Ben Ainsworth (GC),1.2
Brownlow Medal ToPollVote,Josh Rachele (ADE),1.2
Brownlow Medal ToPollVote,Brodie Grundy (MEL),1.25
Brownlow Medal ToPollVote,Jack Crisp (COL),1.25
Brownlow Medal ToPollVote,Sam Draper (ESS),1.25
Brownlow Medal ToPollVote,Jamaine Jones (WCE),1.25
Brownlow Medal ToPollVote,Logan McDonald (SYD),1.26
Brownlow Medal ToPollVote,Brennan Cox (FRE),1.27
Brownlow Medal ToPollVote,Darcy Cameron (COL),1.27
Brownlow Medal ToPollVote,Jarrod Berry (BRI),1.28
Brownlow Medal ToPollVote,Aliir Aliir (PA),1.3
Brownlow Medal ToPollVote,Jack Macrae (WB),1.3
Brownlow Medal ToPollVote,Todd Marshall (PA),1.2
Brownlow Medal ToPollVote,Joel Amartey (SYD),1.32
Brownlow Medal ToPollVote,Adam Saad (CAR),1.26
Brownlow Medal ToPollVote,John Noble (COL),1.26
Brownlow Medal ToPollVote,Tyson Stengle (GEE),1.36
Brownlow Medal ToPollVote,Jake Waterman (WCE),1.28
Brownlow Medal ToPollVote,Dion Prestia (RIC),1.3
Brownlow Medal ToPollVote,Isaac Smith (GEE),1.4
Brownlow Medal ToPollVote,Jack Ginnivan (COL),1.4
Brownlow Medal ToPollVote,Kieren Briggs (GWS),1.4
Brownlow Medal ToPollVote,Bradley Hill (STK),1.42
Brownlow Medal ToPollVote,Rory Sloane (ADE),1.28
Brownlow Medal ToPollVote,Miles Bergman (PA),1.42
Brownlow Medal ToPollVote,Luke Breust (HAW),1.45
Brownlow Medal ToPollVote,Bailey Scott (NM),1.47
Brownlow Medal ToPollVote,Jacob Weitering (CAR),1.47
Brownlow Medal ToPollVote,Jake Riccardi (GWS),1.48
Brownlow Medal ToPollVote,Oscar McInerney (BRI),1.35
Brownlow Medal ToPollVote,Dane Rampe (SYD),1.36
Brownlow Medal ToPollVote,Eric Hipwood (BRI),1.28
Brownlow Medal ToPollVote,Hayden McLean (SYD),1.48
Brownlow Medal ToPollVote,Liam Henry (FRE),1.52
Brownlow Medal ToPollVote,Jye Caldwell (ESS),1.4
Brownlow Medal ToPollVote,Charlie Ballard (GC),1.55
Brownlow Medal ToPollVote,Charlie Dixon (PA),1.57
Brownlow Medal ToPollVote,Hayden Young (FRE),1.45
Brownlow Medal ToPollVote,Isaac Quaynor (COL),1.57
Brownlow Medal ToPollVote,Wil Powell (GC),1.52
Brownlow Medal ToPollVote,Alex Pearce (FRE),1.57
Brownlow Medal ToPollVote,Riley Thilthorpe (ADE),1.55
Brownlow Medal ToPollVote,Willem Drew (PA),1.45
Brownlow Medal ToPollVote,Lance Franklin (SYD),1.65
Brownlow Medal ToPollVote,Dylan Shiel (ESS),1.67
Brownlow Medal ToPollVote,Harry Himmelberg (GWS),1.67
Brownlow Medal ToPollVote,Jade Gresham (STK),1.67
Brownlow Medal ToPollVote,Will Phillips (NM),1.7
Brownlow Medal ToPollVote,James Rowbottom (SYD),1.8
Brownlow Medal ToPollVote,Sam Switkowski (FRE),1.82
Brownlow Medal ToPollVote,Ed Langdon (MEL),1.6
Brownlow Medal ToPollVote,Kade Chandler (MEL),1.87
Brownlow Medal ToPollVote,Tarryn Thomas (NM),1.87
Brownlow Medal ToPollVote,Toby Nankervis (RIC),1.5
Brownlow Medal ToPollVote,Brad Close (GEE),1.95
Brownlow Medal ToPollVote,Rory Lobb (WB),2.0
Brownlow Medal ToPollVote,Jake Lloyd (SYD),1.45
Brownlow Medal ToPollVote,Trent Rivers (MEL),1.8
Brownlow Medal ToPollVote,Cameron Zurhaar (NM),2.2
Brownlow Medal ToPollVote,Tanner Bruhn (GWS),2.15
Brownlow Medal ToPollVote,Dan Butler (STK),2.2
Brownlow Medal ToPollVote,Ben Cunnington (NM),2.25
Brownlow Medal ToPollVote,Paul Curtis (NM),2.25
Brownlow Medal ToPollVote,Todd Goldstein (NM),1.87
Brownlow Medal ToPollVote,Jack Payne (BRI),1.87
Brownlow Medal ToPollVote,Bailey J. Williams (WCE),1.9
Brownlow Medal ToPollVote,Nick Vlastuin (RIC),2.0
Brownlow Medal ToPollVote,Sebastian Ross (STK),2.45
Brownlow Medal ToPollVote,Jack Graham (RIC),2.55
Brownlow Medal ToPollVote,Michael Walters (FRE),2.1
Brownlow Medal ToPollVote,Noah Balta (RIC),2.1
Brownlow Medal ToPollVote,Dylan Stephens (SYD),2.65
Brownlow Medal ToPollVote,Willie Rioli (PA),2.65
Brownlow Medal ToPollVote,Harry Perryman (GWS),2.7
Brownlow Medal ToPollVote,Sam Powell-Pepper (PA),2.7
Brownlow Medal ToPollVote,Jack Darling (WCE),2.8
Brownlow Medal ToPollVote,Zac Fisher (CAR),2.85
Brownlow Medal ToPollVote,Jordan Clark (FRE),3.0
Brownlow Medal ToPollVote,Oscar Allen (WCE),3.0
Brownlow Medal ToPollVote,Lachie Hunter (MEL),2.75
Brownlow Medal ToPollVote,Peter Ladhams (SYD),3.0
Brownlow Medal ToPollVote,Jason Johannisen (WB),3.15
Brownlow Medal ToPollVote,James Aish (FRE),3.2
Brownlow Medal ToPollVote,Nick Haynes (GWS),3.2
Brownlow Medal ToPollVote,Oliver Henry (GEE),3.4
Brownlow Medal ToPollVote,Ryan Burton (PA),2.6
Brownlow Medal ToPollVote,Bailey Williams (WB),2.8
Brownlow Medal ToPollVote,Josh Weddle (HAW),3.5
Brownlow Medal ToPollVote,Andrew McGrath (ESS),3.6
Brownlow Medal ToPollVote,Esava Ratugolea (GEE),2.0
Brownlow Medal ToPollVote,Liam Jones (WB),3.6
Brownlow Medal ToPollVote,Matthew Kennedy (CAR),3.6
Brownlow Medal ToPollVote,Nick Hind (ESS),3.6
Brownlow Medal ToPollVote,Tom De Koning (CAR),3.6
Brownlow Medal ToPollVote,Keidean Coleman (BRI),3.8
Brownlow Medal ToPollVote,Wayne Milera (ADE),3.8
Brownlow Medal ToPollVote,Darcy Macpherson (GC),3.9
Brownlow Medal ToPollVote,Blake Hardwick (HAW),4.0
Brownlow Medal ToPollVote,Jake Soligo (ADE),4.0
Brownlow Medal ToPollVote,Shannon Hurn (WCE),4.0
Brownlow Medal ToPollVote,Ryan Byrnes (STK),3.5
Brownlow Medal ToPollVote,Ben McKay (NM),4.2
Brownlow Medal ToPollVote,George Wardlaw (NM),4.4
Brownlow Medal ToPollVote,Jeremy Howe (COL),4.4
Brownlow Medal ToPollVote,Kane Farrell (PA),4.4
Brownlow Medal ToPollVote,Liam Duggan (WCE),4.4
Brownlow Medal ToPollVote,Jarman Impey (HAW),4.6
Brownlow Medal ToPollVote,Zach Tuohy (GEE),2.5
Brownlow Medal ToPollVote,Hugh Greenwood (NM),4.8
Brownlow Medal ToPollVote,Ed Curnow (CAR),5.25
Brownlow Medal ToPollVote,Mitch McGovern (CAR),5.25
Brownlow Medal ToPollVote,Braeden Campbell (SYD),5.25
Brownlow Medal ToPollVote,Chayce Jones (ADE),4.5
Brownlow Medal ToPollVote,Scott Lycett (PA),5.5
Brownlow Medal ToPollVote,Finn Maginness (HAW),5.5
Brownlow Medal ToPollVote,Zaine Cordy (STK),5.5
Brownlow Medal ToPollVote,Bailey Humphrey (GC),5.75
Brownlow Medal ToPollVote,Cameron Guthrie (GEE),6.0
Brownlow Medal ToPollVote,Dyson Heppell (ESS),6.0
Brownlow Leader after Round 15 25/09,Nick Daicos (COL),1.8
Brownlow Leader after Round 15 25/09,Tim Taranto (RIC),4.0
Brownlow Leader after Round 15 25/09,Christian Petracca (MEL),5.5
Brownlow Leader after Round 15 25/09,Jordan Dawson (ADE),13.0
Brownlow Leader after Round 15 25/09,Zak Butters (PA),16.0
Brownlow Leader after Round 15 25/09,Marcus Bontempelli (WB),51.0
Brownlow Leader after Round 15 25/09,Lachie Neale (BRI),51.0
Brownlow Leader after Round 15 25/09,Zach Merrett (ESS),101.0
Brownlow Leader after Round 15 25/09,Noah Anderson (GC),151.0
Brownlow Leader after Round 15 25/09,Caleb Serong (FRE),501.0
Brownlow Leader after Round 15 25/09,Connor Rozee (PA),501.0
Brownlow Leader after Round 15 25/09,Clayton Oliver (MEL),501.0
Brownlow Most Votes R17-24 25/09,Errol Gulden (SYD),1.6
Brownlow Most Votes R17-24 25/09,Marcus Bontempelli (WB),3.0
Brownlow Most Votes R17-24 25/09,Zak Butters (PA),16.0
Brownlow Most Votes R17-24 25/09,Connor Rozee (PA),21.0
Brownlow Most Votes R17-24 25/09,Caleb Serong (FRE),34.0
Brownlow Most Votes R17-24 25/09,Lachie Neale (BRI),34.0
Brownlow Most Votes R17-24 25/09,Christian Petracca (MEL),41.0
Brownlow Most Votes R17-24 25/09,Jack Viney (MEL),41.0
Brownlow Most Votes R17-24 25/09,Rowan Marshall (STK),51.0
Brownlow Most Votes R17-24 25/09,Charlie Curnow (CAR),51.0
Brownlow Most Votes R17-24 25/09,Dustin Martin (RIC),101.0
Brownlow Most Votes R17-24 25/09,Stephen Coniglio (GWS),101.0
Brownlow Most Votes R17-24 25/09,Max Gawn (MEL),151.0
Brownlow Most Votes R17-24 25/09,Tim Kelly (WCE),201.0
Brownlow Most Votes R17-24 25/09,Toby Greene (GWS),201.0
Brownlow Most Votes R17-24 25/09,Tom Liberatore (WB),201.0
Brownlow Most Votes R17-24 25/09,Zach Merrett (ESS),251.0
Brownlow Most Votes R17-24 25/09,Jai Newcombe (HAW),401.0
Brownlow Most Votes R17-24 25/09,Rory Laird (ADE),401.0
Brownlow Medal Tie Markets 25/09,Yes there will be a tie,5.0
Brownlow Medal Tie Markets 25/09,No tie,1.12
Brownlow Medal Tie Markets 25/09,Tie between 3+ Players,13.0
Brownlow Medal Tie Markets 25/09,Tie between 4+ Players,34.0
Brownlow Medal Tie Markets 25/09,Daicos/Bont joint winners,9.0
Brownlow Medal Tie Markets 25/09,Daicos/Butters joint winners,15.0
Brownlow Medal Tie Markets 25/09,Daicos/Petracc joint winners,16.0
Brownlow Medal Tie Markets 25/09,Bont/Butters joint winners,16.0
Brownlow Medal Tie Markets 25/09,Bont/Petracca joint winners,16.0
Brownlow Medal Tie Markets 25/09,Butters/Petrac joint winners,34.0
